﻿<?xml version="1.0" encoding="utf-8"?>
<?xml-stylesheet type="text/xsl" href="c:\program files (x86)\microsoft visual studio 14.0\team tools\static analysis tools\fxcop\Xml\CodeAnalysisReport.xsl"?>
<FxCopReport Version="14.0">
 <Targets>
  <Target Name="C:\Users\Kiaksarg\documents\visual studio 2015\Projects\FormattedText\FormattedText\bin\Debug\FormattedText.exe">
   <Modules>
    <Module Name="formattedtext.exe">
     <Namespaces>
      <Namespace Name="FormattedText.Properties">
       <Types>
        <Type Name="Resources" Kind="Class" Accessibility="Assembly" ExternallyVisible="False">
         <Members>
          <Member Name="#.ctor()" Kind="Method" Static="False" Accessibility="Assembly" ExternallyVisible="False">
           <Messages>
            <Message TypeName="AvoidUncalledPrivateCode" Category="Microsoft.Performance" CheckId="CA1811" Status="ExcludedInSource" Created="2016-05-26 19:03:38Z" FixCategory="NonBreaking" LastSeen="0001-01-01 00:00:00Z" />
           </Messages>
          </Member>
         </Members>
        </Type>
       </Types>
      </Namespace>
     </Namespaces>
    </Module>
   </Modules>
  </Target>
 </Targets>
 <Rules>
  <Rule TypeName="AvoidUncalledPrivateCode" Category="Microsoft.Performance" CheckId="CA1811">
   <Name>Avoid uncalled private code</Name>
   <Description>There is uncalled code that is not externally visible and is not a known runtime entry point. If this violation fires in error, please send a problem report to the Visual Studio Code Analysis team.</Description>
   <Owner />
   <Url>http://msdn.microsoft.com/library/ms182264.aspx</Url>
   <Email>[none]</Email>
   <MessageLevel Certainty="75">Warning</MessageLevel>
   <File Name="performancerules.dll" Version="14.0.0.0" />
  </Rule>
 </Rules>
 <Localized>
  <String Key="Category">Category</String>
  <String Key="Certainty">Certainty</String>
  <String Key="CollapseAll">Collapse All</String>
  <String Key="CheckId">Check Id</String>
  <String Key="Error">Error</String>
  <String Key="Errors">error(s)</String>
  <String Key="ExpandAll">Expand All</String>
  <String Key="Help">Help</String>
  <String Key="Line">Line</String>
  <String Key="Messages">message(s)</String>
  <String Key="LocationNotStoredInPdb">[Location not stored in Pdb]</String>
  <String Key="Project">Project</String>
  <String Key="Resolution">Resolution</String>
  <String Key="Rule">Rule</String>
  <String Key="RuleFile">Rule File</String>
  <String Key="RuleDescription">Rule Description</String>
  <String Key="Source">Source</String>
  <String Key="Status">Status</String>
  <String Key="Target">Target</String>
  <String Key="Warning">Warning</String>
  <String Key="Warnings">warning(s)</String>
  <String Key="ReportTitle">Code Analysis Report</String>
 </Localized>
</FxCopReport>
